1;Jasper
2;Conversion.ai (Jasper AI)
3;CopySmith
4;Copyscape
5;Grammarly
6;QuillBot
7;ProWritingAid
8;Hemingway App
9;Synthesia
10;Lumen5
11;Mem
12;Hugo AI
13;AI Dungeon
14;Stable Diffusion
15;Canva AI
16;Artbreeder
17;Lensa AI
18;StarryAI
19;Jasper Art
20;Craiyon (formerly DALL·E Mini)
21;Deep Nostalgia
22;FaceApp
23;Amazon CodeWhisperer
24;Replit Ghostwriter
25;DeepCode (Snyk Code)
26;CodeT5
27;ChatCode
28;PyCaret
29;DataRobot Code
30;CodeGen
31;Sourcery
32;Kogito
33;Jina AI
34;Yellowbrick
35;Semantic Kernel
36;ML.NET
37;Hugging Face Transformers
38;Keras Tuner
39;ElevenLabs
40;Murf.ai
41;Lovo
42;Voice.ai
43;Uberduck
44;Descript
45;Adobe Podcast Enhance
46;Krisp
47;Auphonic
48;Izotope Cascadia
49;AIVA
50;WavTool
51;Suno
52;Whisper
53;Podcastle
54;Midjourney
55;DALL·E
56;Canva Magic Design
57;Leonardo.Ai
58;Recraft
59;NightCafe
60;Fotor AI
61;Lexica Art
62;Playground AI
63;ChatGPT
64;Claude 3
65;Gemini 1.5 Pro
66;Jasper AI
67;Copy.ai
68;Writer.com
69;INK for All
70;Wordtune
71;Sudowrite
72;Writesonic
73;Anyword
74;Notion AI
75;Runway
76;Pictory
77;Descript
78;Fliki
79;CapCut
80;Lumen5
81;Veed.io
82;Wisecut
83;Animoto
84;Colossyan
85;Magisto
86;HeyGen
87;Databricks
88;Tableau
89;Microsoft Power BI
90;Julius AI
91;Simple Analytics
92;Akkio
93;MonkeyLearn
94;Sisense
95;Kanaries
96;GitHub Copilot
97;Tabnine
98;Amazon CodeWhisperer
99;Replit Ghostwriter
100;Codeium
101;Sourcery
102;DeepCode
103;Codiga
104;Figma AI
105;Uizard
106;Looka
107;Designify
108;V0 by Vercel
109;Let's Enhance
110;Synthesia
111;Mailchimp
112;ActiveCampaign
113;Adobe Marketo Engage
114;Notion AI
115;Microsoft Copilot
116;ClickUp AI
117;Zapier
118;Motion
119;Fireflies.ai
120;Perplexity AI
121;Otter.ai
122;Reclaim.ai
123;SaneBox
124;Adobe Firefly
125;Jasper
126;Podcastle
127;Codiga
128;Amazon CodeWhisperer
129;Replit Ghostwriter
130;Khroma
131;Cursor
132;Jasper AI
133;Surfer SEO
134;Copy.ai
135;Microsoft Copilot